{"text": " Yeah, of course, you don't have like 372 transactions in one day, probably 372 is like the total transaction we had from the beginning of the month, so from the 21st of February maybe.", "segments": [{"id": 0, "seek": 0, "start": 0.0, "end": 8.96, "text": " Yeah, of course, you don't have like 372 transactions in one day, probably 372 is like the total", "tokens": [50364, 865, 11, 295, 1164, 11, 291, 500, 380, 362, 411, 13435, 17, 16856, 294, 472, 786, 11, 1391, 13435, 17, 307, 411, 264, 3217, 50812], "temperature": 0.0, "avg_logprob": -0.36597148577372235, "compression_ratio": 1.3529411764705883, "no_speech_prob": 0.053104352205991745}, {"id": 1, "seek": 0, "start": 8.96, "end": 14.24, "text": " transaction we had from the beginning of the month, so from the 21st of February maybe.", "tokens": [50812, 14425, 321, 632, 490, 264, 2863, 295, 264, 1618, 11, 370, 490, 264, 5080, 372, 295, 8711, 1310, 13, 51076], "temperature": 0.0, "avg_logprob": -0.36597148577372235, "compression_ratio": 1.3529411764705883, "no_speech_prob": 0.053104352205991745}], "language": "English"}