{"text": " Also for the bread and the feta cheese, they are like ingredients that will use in different plates and meals. So you can just calculate that from the ingredient cost, why you cannot do that.", "segments": [{"id": 0, "seek": 0, "start": 0.0, "end": 9.0, "text": " Also for the bread and the feta cheese, they are like ingredients that will use in different plates and meals.", "tokens": [50364, 2743, 337, 264, 5961, 293, 264, 283, 7664, 5399, 11, 436, 366, 411, 6952, 300, 486, 764, 294, 819, 14231, 293, 12832, 13, 50814], "temperature": 0.0, "avg_logprob": -0.2934769524468316, "compression_ratio": 1.446969696969697, "no_speech_prob": 0.028126059100031853}, {"id": 1, "seek": 0, "start": 9.0, "end": 17.0, "text": " So you can just calculate that from the ingredient cost, why you cannot do that.", "tokens": [50814, 407, 291, 393, 445, 8873, 300, 490, 264, 14751, 2063, 11, 983, 291, 2644, 360, 300, 13, 51214], "temperature": 0.0, "avg_logprob": -0.2934769524468316, "compression_ratio": 1.446969696969697, "no_speech_prob": 0.028126059100031853}], "language": "English"}