{"text": " Now listen I copy I send it to you the zip file 40 mega of document and you say you cannot see it so maybe you cannot allow that zip file maybe you can add this kill to yourself and then if you're able to download to yourself a zip file and read it then I send it again.", "segments": [{"id": 0, "seek": 0, "start": 0.0, "end": 10.16, "text": " Now listen I copy I send it to you the zip file 40 mega of document and you say you", "tokens": [50364, 823, 2140, 286, 5055, 286, 2845, 309, 281, 291, 264, 20730, 3991, 3356, 17986, 295, 4166, 293, 291, 584, 291, 50872], "temperature": 0.0, "avg_logprob": -0.3517556326729911, "compression_ratio": 1.6875, "no_speech_prob": 0.10384886711835861}, {"id": 1, "seek": 0, "start": 10.16, "end": 15.48, "text": " cannot see it so maybe you cannot allow that zip file maybe you can add this", "tokens": [50872, 2644, 536, 309, 370, 1310, 291, 2644, 2089, 300, 20730, 3991, 1310, 291, 393, 909, 341, 51138], "temperature": 0.0, "avg_logprob": -0.3517556326729911, "compression_ratio": 1.6875, "no_speech_prob": 0.10384886711835861}, {"id": 2, "seek": 0, "start": 15.48, "end": 21.16, "text": " kill to yourself and then if you're able to download to yourself a zip file and", "tokens": [51138, 1961, 281, 1803, 293, 550, 498, 291, 434, 1075, 281, 5484, 281, 1803, 257, 20730, 3991, 293, 51422], "temperature": 0.0, "avg_logprob": -0.3517556326729911, "compression_ratio": 1.6875, "no_speech_prob": 0.10384886711835861}, {"id": 3, "seek": 0, "start": 21.16, "end": 24.52, "text": " read it then I send it again.", "tokens": [51422, 1401, 309, 550, 286, 2845, 309, 797, 13, 51590], "temperature": 0.0, "avg_logprob": -0.3517556326729911, "compression_ratio": 1.6875, "no_speech_prob": 0.10384886711835861}], "language": "English"}